model,accuracy,precision,recall,f1_score,kappa,cv_mean_f1,cv_std_f1
logistic_regression,0.7113643862981691,0.6279087525054882,0.7187213215050474,0.6702529775549918,0.4156821548253664,0.6635935115578032,0.014377385400203838
